<?xml version="1.0" encoding="utf-8" ?>
<extension type="component" version="2.5" method="upgrade">
	<name>CSVI</name>
	<creationDate>15 februari 2012</creationDate>
	<author>RolandD Cyber Produksi</author>
	<authorEmail>contact@csvimproved.com</authorEmail>
	<authorUrl>http://www.csvimproved.com/</authorUrl>
	<copyright>(C) 2006 - 2012 RolandD Cyber Produksi. All rights reserved.</copyright>
	<license>GNU/GPLv3 http://www.gnu.org/licenses/gpl-3.0.html</license>
	<version>4.0.1</version>
	<description>COM_CSVI_XML_DESCRIPTION</description>

  <!-- Front-end files -->
	<files folder="site">
		<filename>csvi.php</filename>
		<folder>controllers</folder>
		<folder>models</folder>
		<folder>views</folder>
	</files>

	<!-- Scripts to run on installation -->
	<scriptfile>script.php</scriptfile>

	<!-- Language files -->
	<languages folder="site/language">
		<language tag="en-GB">en-GB/en-GB.com_csvi.ini</language>
	</languages>

	<administration>
		<!-- Menu entries -->
		<menu img="components/com_csvi/assets/images/csvi_logo_16.png" view="csvi">COM_CSVI</menu>
		<submenu>
			<menu link="" img="components/com_csvi/assets/images/csvi_process_16.png" view="process">COM_CSVI_PROCESS</menu>
			<menu link="" img="components/com_csvi/assets/images/csvi_replace_16.png" view="replacements">COM_CSVI_REPLACEMENTS</menu>
			<menu link="" img="components/com_csvi/assets/images/csvi_log_16.png" view="log">COM_CSVI_LOG</menu>
			<menu link="" img="components/com_csvi/assets/images/csvi_maintenance_16.png" view="maintenance">COM_CSVI_MAINTENANCE</menu>
			<menu link="" img="components/com_csvi/assets/images/csvi_av_fields_16.png" view="availablefields">COM_CSVI_AVAILABLEFIELDS</menu>
			<menu link="" img="components/com_csvi/assets/images/csvi_settings_16.png" view="settings">COM_CSVI_SETTINGS</menu>
			<menu link="" img="components/com_csvi/assets/images/csvi_template_16.png" view="templatetypes">COM_CSVI_TEMPLATETYPES</menu>
			<menu link="" img="components/com_csvi/assets/images/csvi_about_16.png" view="about">COM_CSVI_ABOUT</menu>
		</submenu>

		<!-- Core files -->
		<files folder="admin">
			<filename>changelog.txt</filename>
			<filename>config.xml</filename>
			<filename>csvi.php</filename>
			<filename>controller.php</filename>
			<filename>index.html</filename>
			<folder>assets</folder>
			<folder>controllers</folder>
			<folder>helpers</folder>
			<folder>install</folder>
			<folder>models</folder>
			<folder>tables</folder>
			<folder>views</folder>
		</files>

		<!-- Language files -->
		<languages folder="admin/language">
			<language tag="en-GB">en-GB/en-GB.com_csvi.ini</language>
			<language tag="en-GB">en-GB/en-GB.com_csvi.sys.ini</language>
		</languages>
	</administration>
</extension>